{
    "C": {
        "BucketSort": {
            "parc": {
                "1k": 0.0,
                "10k": 0.0,
                "100k": 0.3333333333333333,
                "500k": 1.0,
                "1000k": 2.3333333333333335
            },
            "decreasing": {
                "1k": 0.0,
                "10k": 0.3333333333333333,
                "100k": 0.3333333333333333,
                "500k": 1.0,
                "1000k": 2.3333333333333335
            },
            "random": {
                "1k": 0.3333333333333333,
                "10k": 0.6666666666666666,
                "100k": 1.6666666666666667,
                "500k": 4.666666666666667,
                "1000k": 6.666666666666667
            }
        },
        "InsertionSort": {
            "parc": {
                "1k": 0.0,
                "10k": 0.0,
                "100k": 2.3333333333333335,
                "500k": 36.666666666666664,
                "1000k": 150.33333333333334
            },
            "decreasing": {
                "1k": 0.0,
                "10k": 11.333333333333334,
                "100k": 1204.0,
                "500k": 29391.666666666668,
                "1000k": 117315.33333333333
            },
            "random": {
                "1k": 0.3333333333333333,
                "10k": 7.333333333333333,
                "100k": 616.3333333333334,
                "500k": 14622.666666666666,
                "1000k": 58480.666666666664
            }
        },
        "MergeSort": {
            "parc": {
                "1k": 0.0,
                "10k": 0.0,
                "100k": 2.0,
                "500k": 8.666666666666666,
                "1000k": 18.0
            },
            "decreasing": {
                "1k": 0.0,
                "10k": 0.6666666666666666,
                "100k": 2.0,
                "500k": 10.0,
                "1000k": 17.333333333333332
            },
            "random": {
                "1k": 0.3333333333333333,
                "10k": 0.3333333333333333,
                "100k": 3.6666666666666665,
                "500k": 19.333333333333332,
                "1000k": 41.333333333333336
            }
        }
    },
    "C++": {
        "BucketSort": {
            "parc": {
                "1k": 0.0,
                "10k": 1.0,
                "100k": 3.8356666666666666,
                "500k": 17.844333333333335,
                "1000k": 37.17166666666667
            },
            "decreasing": {
                "1k": 0.33266666666666667,
                "10k": 0.33266666666666667,
                "100k": 4.0,
                "500k": 18.345333333333333,
                "1000k": 35.735
            },
            "random": {
                "1k": 0.333,
                "10k": 1.335,
                "100k": 7.838,
                "500k": 34.55466666666667,
                "1000k": 56.74100000000001
            }
        },
        "InsertionSort": {
            "parc": {
                "1k": 0.0,
                "10k": 0.0,
                "100k": 2.666,
                "500k": 73.23733333333332,
                "1000k": 293.63666666666666
            },
            "decreasing": {
                "1k": 0.0,
                "10k": 23.357,
                "100k": 2372.0229999999997,
                "500k": 59072.232333333326,
                "1000k": 236620.33066666665
            },
            "random": {
                "1k": 0.0,
                "10k": 12.173,
                "100k": 1183.652,
                "500k": 29466.41,
                "1000k": 118421.09166666667
            }
        },
        "MergeSort": {
            "parc": {
                "1k": 0.0,
                "10k": 0.3333333333333333,
                "100k": 2.0006666666666666,
                "500k": 13.170666666666667,
                "1000k": 27.169999999999998
            },
            "decreasing": {
                "1k": 0.3336666666666666,
                "10k": 0.0,
                "100k": 2.170666666666667,
                "500k": 11.176666666666668,
                "1000k": 22.918666666666667
            },
            "random": {
                "1k": 0.0,
                "10k": 0.0,
                "100k": 4.168,
                "500k": 24.179333333333336,
                "1000k": 53.52066666666667
            }
        }
    },
    "Java": {
        "BucketSort": {
            "parc": {
                "1k": 2.0,
                "10k": 7.0,
                "100k": 13.666666666666666,
                "500k": 36.0,
                "1000k": 61.0
            },
            "decreasing": {
                "1k": 2.6666666666666665,
                "10k": 6.666666666666667,
                "100k": 13.333333333333334,
                "500k": 39.333333333333336,
                "1000k": 53.333333333333336
            },
            "random": {
                "1k": 16.0,
                "10k": 18.666666666666668,
                "100k": 27.666666666666668,
                "500k": 67.0,
                "1000k": 86.33333333333333
            }
        },
        "InsertionSort": {
            "parc": {
                "1k": 0.3333333333333333,
                "10k": 2.0,
                "100k": 7.0,
                "500k": 95.0,
                "1000k": 427.3333333333333
            },
            "decreasing": {
                "1k": 2.6666666666666665,
                "10k": 54.333333333333336,
                "100k": 3394.6666666666665,
                "500k": 84360.66666666667,
                "1000k": 337129.3333333333
            },
            "random": {
                "1k": 2.3333333333333335,
                "10k": 39.333333333333336,
                "100k": 1468.3333333333333,
                "500k": 35973.333333333336,
                "1000k": 143786.0
            }
        },
        "MergeSort": {
            "parc": {
                "1k": 0.3333333333333333,
                "10k": 1.6666666666666667,
                "100k": 7.333333333333333,
                "500k": 33.333333333333336,
                "1000k": 48.333333333333336
            },
            "decreasing": {
                "1k": 0.0,
                "10k": 1.6666666666666667,
                "100k": 6.666666666666667,
                "500k": 29.666666666666668,
                "1000k": 43.0
            },
            "random": {
                "1k": 1.0,
                "10k": 2.0,
                "100k": 10.0,
                "500k": 43.0,
                "1000k": 73.33333333333333
            }
        }
    }
}